patient_code,eye,age_years,gender,kmax_value_D,pachy_central_um,pachy_thinnest_um,astig_value_D,asphericity_anterior,asphericity_posterior,true_label,label_name,predicted_label,predicted_name,pred_proba_KC,error_type
66NY2,OS,0.9936175441693312,f,-0.5586435270481777,0.533181526509576,0.5254753929006427,0.839973064952753,0.3968586184530245,0.36309911938441,0,Normal,1,Keratoconus,0.8074758,False Positive (over-called KC)
RPE81,OD,2.6687071131138445,f,-0.06672323156781515,-0.5111037625464189,-0.17362630496754355,0.18492282783165384,0.4222351502409896,0.5751575991669027,1,Keratoconus,0,Normal,0.08777548,False Negative (missed KC)
ZRWCB,OD,-0.5526189810102193,f,0.578922156250162,0.8290623584087745,-0.01000675865796806,-2.3624947609726212,0.3334172889831118,0.30072897827191214,1,Keratoconus,0,Normal,0.044334475,False Negative (missed KC)
ZRWCB,OS,-0.5526189810102193,f,0.14849189770484353,0.7768480939559748,0.7783419644699866,-0.761260848009934,0.44761168202895474,0.5502095427219035,1,Keratoconus,0,Normal,0.029270919,False Negative (missed KC)
54SR8,OD,-1.4545902873649572,m,0.22535444387365028,1.577466815565571,1.5964396960178642,-0.4337357294493842,1.3865433581836628,0.7747420507268957,1,Keratoconus,0,Normal,0.07026306,False Negative (missed KC)
G3H95,OD,1.895588850524069,m,0.5481771377826389,-0.1456039113768207,0.12386377923168462,-1.0160026068903616,-0.8719679709452298,-0.535030912635559,1,Keratoconus,0,Normal,0.12122127,False Negative (missed KC)
6TGFZ,OD,-0.2949128934802942,f,0.08700186076979835,-1.4857700323320142,-2.2411823901521797,-2.216928041612377,1.4880494853355233,-0.36039451752056506,1,Keratoconus,0,Normal,0.25437582,False Negative (missed KC)
